title,preview
A Year of Surprising Science From NASA's InSight Mars Mission,A batch of new papers summarizes the lander's findings above and below the surface of the Red Planet.
Scientists Explore Outback as Testbed for Mars ,Australia provides a great place for NASA's Mars 2020 and the ESA-Roscosmos ExoMars scientists to hone techniques in preparation for searching for signs ancient life on Mars.
Common Questions about InSight's 'Mole',"The following Q&As with members of the team answer some of the most common questions about the burrowing device, part of a science instrument called the Heat Flow and Physical Properties Package (HP3)."
NASA's Curiosity Mars Rover Takes a New Selfie Before Record Climb,"Along with capturing an image before its steepest ascent ever, the robotic explorer filmed its ""selfie stick,"" or robotic arm, in action."
NASA's New Mars Rover Is Ready for Space Lasers,Perseverance is one of a few Mars spacecraft carrying laser retroreflectors. The devices could provide new science and safer Mars landings in the future.
Mars 2020 Unwrapped and Ready for More Testing,"In time-lapse video, bunny-suited engineers remove the inner layer of protective foil on NASA's Mars 2020 rover after it was relocated for testing."
NASA's Mars 2020 Rover Closer to Getting Its Name,"155 students from across the U.S. have been chosen as semifinalists in NASA's essay contest to name the Mars 2020 rover, and see it launch from Cape Canaveral this July."
NASA's MAVEN Explores Mars to Understand Radio Interference at Earth,NASA’s MAVEN spacecraft has discovered “layers” and “rifts” in the electrically charged part of the upper atmosphere of Mars.
The Extraordinary Sample-Gathering System of NASA's Perseverance Mars Rover,Two astronauts collected Moon rocks on Apollo 11. It will take three robotic systems working together to gather up the first Mars rock samples for return to Earth.
NASA's MAVEN Maps Winds in the Martian Upper Atmosphere that Mirror the Terrain Below and Gives Clues to Martian Climate,"Researchers have created the first map of wind circulation in the upper atmosphere of a planet besides Earth, using data from NASA’s MAVEN spacecraft that were collected during the last two years."
"The Launch Is Approaching for NASA's Next Mars Rover, Perseverance",The Red Planet's surface has been visited by eight NASA spacecraft. The ninth will be the first that includes a roundtrip ticket in its flight plan. 
NASA to Hold Mars 2020 Perseverance Rover Launch Briefing,Learn more about the agency's next Red Planet mission during a live event on June 17.
5 Hidden Gems Are Riding Aboard NASA's Perseverance Rover,"The symbols, mottos, and small objects added to the agency's newest Mars rover serve a variety of purposes, from functional to decorative."
"NASA to Broadcast Mars 2020 Perseverance Launch, Prelaunch Activities","Starting July 27, news activities will cover everything from mission engineering and science to returning samples from Mars to, of course, the launch itself."
Three New Views of Mars' Moon Phobos,"Taken with the infrared camera aboard NASA's Odyssey orbiter, they reveal temperature variations on the small moon as it drifts into and out of Mars’ shadow."
